﻿Regio;%
Wijk 02 Belgisch Park;2.6
Wijk 04 Benoordenhout;1
Wijk 05 Archipelbuurt;1.3
Wijk 07 Scheveningen;1.8
Wijk 08 Duindorp;2.2
Wijk 09 Geuzen- en Statenkwartier;1.6
Wijk 11 Duinoord;1.4
Wijk 12 Bomen- en Bloemenbuurt;1.2
Wijk 13 Vogelwijk;1
Wijk 14 Bohemen en Meer en Bos;2.4
Wijk 16 Kraayenstein en Vroondaal;2.2
Wijk 17 Loosduinen;3.4
Wijk 18 Waldeck;2.4
Wijk 19 Vruchtenbuurt;1.5
Wijk 20 Valkenboskwartier;2.8
Wijk 21 Regentessekwartier;1.8
Wijk 22 Zeeheldenkwartier;1.8
Wijk 25 Mariahoeve en Marlot;2.2
Wijk 26 Bezuidenhout;1.4
Wijk 27 Stationsbuurt;2.2
Wijk 28 Centrum;2.3
Wijk 29 Schildersbuurt;3.7
Wijk 30 Transvaalkwartier;3.3
Wijk 31 Rustenburg en Oostbroek;2.4
Wijk 32 Leyenburg;2
Wijk 33 Bouwlust en Vrederust;3.1
Wijk 34 Morgenstond;3.4
Wijk 36 Moerwijk;3.3
Wijk 37 Groente- en Fruitmarkt;4.5
Wijk 38 Laakkwartier en Spoorwijk;2.7
Wijk 39 Binckhorst;14.2
Wijk 40 Wateringse Veld;2
Wijk 42 Ypenburg;1.9
Wijk 44 Leidschenveen;2.1
Wijk 01 Oostduinen;
Wijk 03 Westbroekpark en Duttendel;
Wijk 06 Van Stolkpark en Scheveningse Bosjes;
Wijk 10 Zorgvliet;
Wijk 15 Kijkduin en Ockenburgh;
Wijk 23 Willemspark;
Wijk 24 Haagse Bos;
Wijk 35 Zuiderpark;
Wijk 41 Hoornwijk;
Wijk 43 Forepark;
