﻿Regio;%
Amstel III/Bullewijk;2
Amsterdamse Poort e.o.;2.1
Apollobuurt;0.7
Banne Buiksloot;2.4
Bellamybuurt;1.6
Bijlmermuseum;3.1
Buikslotermeer;2.7
Buitenveldert-Oost;2
Buitenveldert-West;1.2
Burgwallen-Oude Zijde;1.5
Chassébuurt;2.5
Dapperbuurt;3.6
De Aker;2.6
De Kolenkit;3
De Punt;3.1
De Weteringschans;1.3
Elzenhagen;1.7
Erasmuspark;1.9
Frankendael;2
Frederik Hendrikbuurt;1.8
Ganzenhoef e.o.;2.8
Geerdinkhof/Kantershof;1.7
Gein;2.7
Geuzenbuurt;1.3
Geuzenveld;2.2
Grachtengordel-West;1.3
Grachtengordel-Zuid;1.2
H-buurt;3
Haarlemmerbuurt;1.7
Helmersbuurt;1.4
Holendrecht;3.5
Hoofddorppleinbuurt;1.5
Hoofdweg e.o.;2.8
IJburg-West;2.6
IJburg-Zuid;2.5
IJplein/Vogelbuurt;4.1
IJselbuurt;1.7
Indische Buurt-Oost;2.6
Indische Buurt-West;2.8
Jordaan;1.9
K-buurt;2.9
Kadoelen;1.8
Landlust;2.8
Middenmeer;1.1
Museumkwartier;1.3
Nieuwe Pijp;1.4
Nieuwmarkt/Lastage;1.1
Noordelijke IJ-oevers-West;1.4
Oostelijk Havengebied;2.2
Oostelijke Eilanden/Kadijken;2.1
Oosterparkbuurt;2.6
Oostzanerwerf;2.8
Osdorp-Midden;3
Osdorp-Oost;2.2
Oude Pijp;1.8
Overtoomse Veld;2.5
Reigersbos;2.3
Rijnbuurt;1.5
Scheldebuurt;1.3
Sloten/Nieuw-Sloten;1.7
Sloterdijk Nieuw-West;9.5
Slotermeer-Noordoost;3.8
Slotermeer-West;3.3
Slotermeer-Zuidoost;3.3
Slotervaart-Noord;3
Slotervaart-Zuid;2.6
Spaarndammerbuurt/Zeeheldenbuurt;3.7
Staatsliedenbuurt;3
Stadionbuurt;1.8
Transvaalbuurt;2.8
Tuindorp Buiksloot;4.9
Tuindorp Nieuwendam;2.5
Tuindorp Oostzaan;2.5
Van Galenbuurt;8
Van Lennepbuurt;3
Venserpolder;3.3
Volewijck;4.3
Waterland;3.4
Waterlandpleinbuurt;2.9
Weesp-Noordwest;2.1
Westindische Buurt;1.9
Westlandgracht;1.8
Willemspark;1.5
Zeeburgereiland/Bovendiep;1.8
Zuid Pijp;3.1
Burgwallen-Nieuwe Zijde;
Weesperbuurt/Plantage;
Havens-West;
Coenhaven/Minervahaven;
Sloterdijk-West;
Houthavens;
Centrale Markt;
Da Costabuurt;
Overtoomse Sluis;
Vondelparkbuurt;
Lutkemeer/Ookmeer;
Schinkelbuurt;
Prinses Irenebuurt e.o.;
Zuidas;
Weesperzijde;
IJburg-Oost;
Betondorp;
Omval/Overamstel;
Nieuwendammerdijk/Buiksloterdijk;
Noordelijke IJ-oevers-Oost;
Driemond;
Bloemendalerpolder;
Weesp Binnenstad/Zuid;
Aetsveld/Oostelijke Vechtoever;
Nellestein;
