﻿Regio;%
Aetsveld/Oostelijke Vechtoever;2.1
Amstel III/Bullewijk;5.3
Amsterdamse Poort e.o.;9.8
Apollobuurt;7.5
Banne Buiksloot;3.3
Bellamybuurt;6.5
Betondorp;3.9
Bijlmermuseum;3.8
Buikslotermeer;3.9
Buitenveldert-Oost;6.9
Buitenveldert-West;8.4
Burgwallen-Nieuwe Zijde;9.3
Burgwallen-Oude Zijde;9.1
Centrale Markt;6.5
Chassébuurt;4.8
Coenhaven/Minervahaven;24.5
Da Costabuurt;5.3
Dapperbuurt;4.8
De Aker;4
De Kolenkit;6.2
De Punt;5.1
De Weteringschans;9
Elzenhagen;2.6
Erasmuspark;4.3
Frankendael;5.6
Frederik Hendrikbuurt;3.1
Ganzenhoef e.o.;5.6
Geerdinkhof/Kantershof;4.4
Gein;3.5
Geuzenbuurt;4.2
Geuzenveld;3.7
Grachtengordel-West;14.1
Grachtengordel-Zuid;9.5
H-buurt;3.6
Haarlemmerbuurt;6.3
Helmersbuurt;4.2
Holendrecht;3
Hoofddorppleinbuurt;7.3
Hoofdweg e.o.;4
Houthavens;4.1
IJburg-West;3.4
IJburg-Zuid;2.3
IJplein/Vogelbuurt;4
IJselbuurt;4.5
Indische Buurt-Oost;3.7
Indische Buurt-West;4
Jordaan;6.5
K-buurt;3.5
Kadoelen;2.8
Landlust;3.8
Lutkemeer/Ookmeer;19.4
Middenmeer;5.7
Museumkwartier;8
Nellestein;5.2
Nieuwe Pijp;5.2
Nieuwendammerdijk/Buiksloterdijk;3.3
Nieuwmarkt/Lastage;10.5
Noordelijke IJ-oevers-Oost;19.4
Noordelijke IJ-oevers-West;10
Omval/Overamstel;5.6
Oostelijk Havengebied;3.8
Oostelijke Eilanden/Kadijken;7.6
Oosterparkbuurt;3.5
Oostzanerwerf;3.5
Osdorp-Midden;4.9
Osdorp-Oost;5.2
Oude Pijp;6
Overtoomse Sluis;4.1
Overtoomse Veld;10.3
Prinses Irenebuurt e.o.;6.5
Reigersbos;4.2
Rijnbuurt;2.9
Scheldebuurt;4
Schinkelbuurt;4
Sloten/Nieuw-Sloten;4.6
Sloterdijk Nieuw-West;15.2
Slotermeer-Noordoost;4.4
Slotermeer-West;4.7
Slotermeer-Zuidoost;4.1
Slotervaart-Noord;4.5
Slotervaart-Zuid;4.4
Spaarndammerbuurt/Zeeheldenbuurt;3.6
Staatsliedenbuurt;4.1
Stadionbuurt;4.2
Transvaalbuurt;3.2
Tuindorp Nieuwendam;4
Tuindorp Oostzaan;2.8
Van Galenbuurt;7.3
Van Lennepbuurt;3.5
Venserpolder;3.8
Volewijck;4.5
Vondelparkbuurt;9.3
Waterland;3.2
Waterlandpleinbuurt;3.4
Weesp Binnenstad/Zuid;2.3
Weesp-Noordwest;2.3
Weesperbuurt/Plantage;15.7
Weesperzijde;17.1
Westindische Buurt;4
Westlandgracht;12.1
Willemspark;8.7
Zeeburgereiland/Bovendiep;8.8
Zuid Pijp;4.7
Zuidas;6.7
Havens-West;
Sloterdijk-West;
IJburg-Oost;
Tuindorp Buiksloot;
Driemond;
Bloemendalerpolder;
