﻿Regio;%
Wijk 02 Belgisch Park;4.8
Wijk 03 Westbroekpark en Duttendel;7.7
Wijk 04 Benoordenhout;5
Wijk 05 Archipelbuurt;8.1
Wijk 06 Van Stolkpark en Scheveningse Bosjes;9.5
Wijk 07 Scheveningen;4.7
Wijk 08 Duindorp;3.1
Wijk 09 Geuzen- en Statenkwartier;7.6
Wijk 11 Duinoord;5.8
Wijk 12 Bomen- en Bloemenbuurt;2.7
Wijk 13 Vogelwijk;3.4
Wijk 14 Bohemen en Meer en Bos;4.4
Wijk 15 Kijkduin en Ockenburgh;5.7
Wijk 16 Kraayenstein en Vroondaal;2.5
Wijk 17 Loosduinen;3.1
Wijk 18 Waldeck;2.9
Wijk 19 Vruchtenbuurt;2.7
Wijk 20 Valkenboskwartier;5.5
Wijk 21 Regentessekwartier;5
Wijk 22 Zeeheldenkwartier;5.3
Wijk 23 Willemspark;12.4
Wijk 25 Mariahoeve en Marlot;4.3
Wijk 26 Bezuidenhout;4.8
Wijk 27 Stationsbuurt;11.5
Wijk 28 Centrum;5.6
Wijk 29 Schildersbuurt;4.2
Wijk 30 Transvaalkwartier;5.8
Wijk 31 Rustenburg en Oostbroek;6.3
Wijk 32 Leyenburg;4.7
Wijk 33 Bouwlust en Vrederust;4
Wijk 34 Morgenstond;3.8
Wijk 36 Moerwijk;4.3
Wijk 37 Groente- en Fruitmarkt;5.8
Wijk 38 Laakkwartier en Spoorwijk;5.7
Wijk 39 Binckhorst;9.8
Wijk 40 Wateringse Veld;2.7
Wijk 42 Ypenburg;2.6
Wijk 44 Leidschenveen;2.3
Wijk 01 Oostduinen;
Wijk 10 Zorgvliet;
Wijk 24 Haagse Bos;
Wijk 35 Zuiderpark;
Wijk 41 Hoornwijk;
Wijk 43 Forepark;
