﻿Regio;%
Wijk 02 Belgisch Park;1
Wijk 05 Archipelbuurt;1.1
Wijk 07 Scheveningen;1.9
Wijk 08 Duindorp;1.4
Wijk 09 Geuzen- en Statenkwartier;0.9
Wijk 12 Bomen- en Bloemenbuurt;0.9
Wijk 13 Vogelwijk;0.9
Wijk 16 Kraayenstein en Vroondaal;1.7
Wijk 17 Loosduinen;1.8
Wijk 18 Waldeck;1.4
Wijk 19 Vruchtenbuurt;0.7
Wijk 20 Valkenboskwartier;1.5
Wijk 21 Regentessekwartier;1.3
Wijk 22 Zeeheldenkwartier;1.2
Wijk 25 Mariahoeve en Marlot;1.3
Wijk 26 Bezuidenhout;1.7
Wijk 27 Stationsbuurt;1.2
Wijk 28 Centrum;1.2
Wijk 29 Schildersbuurt;1.9
Wijk 30 Transvaalkwartier;1.9
Wijk 31 Rustenburg en Oostbroek;1.3
Wijk 32 Leyenburg;1.6
Wijk 33 Bouwlust en Vrederust;1.9
Wijk 34 Morgenstond;1.2
Wijk 36 Moerwijk;2
Wijk 37 Groente- en Fruitmarkt;2.3
Wijk 38 Laakkwartier en Spoorwijk;1.7
Wijk 39 Binckhorst;2.4
Wijk 40 Wateringse Veld;1.1
Wijk 42 Ypenburg;1.2
Wijk 44 Leidschenveen;1.2
Wijk 01 Oostduinen;
Wijk 03 Westbroekpark en Duttendel;
Wijk 04 Benoordenhout;
Wijk 06 Van Stolkpark en Scheveningse Bosjes;
Wijk 10 Zorgvliet;
Wijk 11 Duinoord;
Wijk 14 Bohemen en Meer en Bos;
Wijk 15 Kijkduin en Ockenburgh;
Wijk 23 Willemspark;
Wijk 24 Haagse Bos;
Wijk 35 Zuiderpark;
Wijk 41 Hoornwijk;
Wijk 43 Forepark;
