﻿Regio;%
Amsterdamse Poort e.o.;1.5
Apollobuurt;1.2
Banne Buiksloot;1.6
Bijlmermuseum;2.4
Buikslotermeer;1.6
Buitenveldert-Oost;1.5
Buitenveldert-West;0.9
Chassébuurt;1.7
Dapperbuurt;2.4
De Aker;1.4
De Kolenkit;1.6
De Punt;2.1
Elzenhagen;1.6
Frankendael;1.4
Frederik Hendrikbuurt;1.4
Ganzenhoef e.o.;1.8
Geerdinkhof/Kantershof;1.8
Gein;2.1
Geuzenveld;2.4
Grachtengordel-Zuid;1.6
H-buurt;2.7
Haarlemmerbuurt;1.5
Holendrecht;2
Hoofdweg e.o.;1.8
IJburg-West;1.3
IJburg-Zuid;1.7
IJplein/Vogelbuurt;1.7
Indische Buurt-Oost;1.8
Indische Buurt-West;1.1
Jordaan;1.3
K-buurt;2
Landlust;1.5
Middenmeer;0.8
Museumkwartier;0.9
Nieuwe Pijp;1
Oostelijk Havengebied;1.6
Oostelijke Eilanden/Kadijken;1.1
Oosterparkbuurt;2
Oostzanerwerf;1.9
Osdorp-Midden;2.2
Osdorp-Oost;2.2
Oude Pijp;0.7
Overtoomse Veld;1.1
Reigersbos;1.8
Rijnbuurt;1.5
Scheldebuurt;0.9
Sloten/Nieuw-Sloten;1.6
Sloterdijk Nieuw-West;4.6
Slotermeer-Noordoost;1.9
Slotermeer-West;1.8
Slotermeer-Zuidoost;1.4
Slotervaart-Noord;2
Slotervaart-Zuid;1.7
Spaarndammerbuurt/Zeeheldenbuurt;1.5
Staatsliedenbuurt;1.4
Stadionbuurt;1.9
Transvaalbuurt;2.3
Tuindorp Buiksloot;4.5
Tuindorp Oostzaan;1.8
Van Galenbuurt;1.9
Venserpolder;2.1
Volewijck;2.1
Waterlandpleinbuurt;1.7
Westlandgracht;1.1
Zeeburgereiland/Bovendiep;1
Zuid Pijp;1.8
Grachtengordel-West;
Burgwallen-Nieuwe Zijde;
Burgwallen-Oude Zijde;
Nieuwmarkt/Lastage;
De Weteringschans;
Weesperbuurt/Plantage;
Havens-West;
Coenhaven/Minervahaven;
Sloterdijk-West;
Houthavens;
Erasmuspark;
Centrale Markt;
Geuzenbuurt;
Bellamybuurt;
Da Costabuurt;
Westindische Buurt;
Van Lennepbuurt;
Overtoomse Sluis;
Helmersbuurt;
Vondelparkbuurt;
Lutkemeer/Ookmeer;
Hoofddorppleinbuurt;
Schinkelbuurt;
Willemspark;
IJselbuurt;
Prinses Irenebuurt e.o.;
Zuidas;
Weesperzijde;
IJburg-Oost;
Betondorp;
Omval/Overamstel;
Noordelijke IJ-oevers-West;
Kadoelen;
Nieuwendammerdijk/Buiksloterdijk;
Tuindorp Nieuwendam;
Noordelijke IJ-oevers-Oost;
Waterland;
Driemond;
Bloemendalerpolder;
Weesp-Noordwest;
Weesp Binnenstad/Zuid;
Aetsveld/Oostelijke Vechtoever;
Amstel III/Bullewijk;
Nellestein;
